{"계룡시": {"1": {"region": "계룡시", "month": 1, "beta": 0.0017704285714285717, "risk_index": 0.027551020408163266, "max_infected": 1}, "2": {"region": "계룡시", "month": 2, "beta": 0.0017704285714285717, "risk_index": 0.027551020408163266, "max_infected": 1}, "3": {"region": "계룡시", "month": 3, "beta": 0.0022762653061224494, "risk_index": 0.035422740524781345, "max_infected": 1}, "4": {"region": "계룡시", "month": 4, "beta": 0.0025291836734693883, "risk_index": 0.03935860058309038, "max_infected": 1}, "5": {"region": "계룡시", "month": 5, "beta": 0.002782102040816327, "risk_index": 0.043294460641399427, "max_infected": 1}, "6": {"region": "계룡시", "month": 6, "beta": 0.003287938775510205, "risk_index": 0.0511661807580175, "max_infected": 1}, "7": {"region": "계룡시", "month": 7, "beta": 0.0035408571428571433, "risk_index": 0.05510204081632653, "max_infected": 1}, "8": {"region": "계룡시", "month": 8, "beta": 0.0035408571428571433, "risk_index": 0.05510204081632653, "max_infected": 1}, "9": {"region": "계룡시", "month": 9, "beta": 0.002782102040816327, "risk_index": 0.043294460641399427, "max_infected": 1}, "10": {"region": "계룡시", "month": 10, "beta": 0.0022762653061224494, "risk_index": 0.035422740524781345, "max_infected": 1}, "11": {"region": "계룡시", "month": 11, "beta": 0.0020233469387755105, "risk_index": 0.03148688046647231, "max_infected": 1}, "12": {"region": "계룡시", "month": 12, "beta": 0.0017704285714285717, "risk_index": 0.027551020408163266, "max_infected": 1}}, "공주시": {"1": {"region": "공주시", "month": 1, "beta": 0.09317700000000002, "risk_index": 1.45, "max_infected": 2}, "2": {"region": "공주시", "month": 2, "beta": 0.09317700000000002, "risk_index": 1.45, "max_infected": 2}, "3": {"region": "공주시", "month": 3, "beta": 0.11979900000000003, "risk_index": 1.8642857142857145, "max_infected": 7}, "4": {"region": "공주시", "month": 4, "beta": 0.13311000000000003, "risk_index": 2.0714285714285716, "max_infected": 12}, "5": {"region": "공주시", "month": 5, "beta": 0.14642100000000005, "risk_index": 2.278571428571429, "max_infected": 19}, "6": {"region": "공주시", "month": 6, "beta": 0.17304300000000006, "risk_index": 2.692857142857143, "max_infected": 44}, "7": {"region": "공주시", "month": 7, "beta": 0.18635400000000005, "risk_index": 2.9, "max_infected": 65}, "8": {"region": "공주시", "month": 8, "beta": 0.18635400000000005, "risk_index": 2.9, "max_infected": 65}, "9": {"region": "공주시", "month": 9, "beta": 0.14642100000000005, "risk_index": 2.278571428571429, "max_infected": 19}, "10": {"region": "공주시", "month": 10, "beta": 0.11979900000000003, "risk_index": 1.8642857142857145, "max_infected": 7}, "11": {"region": "공주시", "month": 11, "beta": 0.10648800000000003, "risk_index": 1.6571428571428575, "max_infected": 4}, "12": {"region": "공주시", "month": 12, "beta": 0.09317700000000002, "risk_index": 1.45, "max_infected": 2}}, "금산군": {"1": {"region": "금산군", "month": 1, "beta": 0.015343714285714287, "risk_index": 0.23877551020408164, "max_infected": 1}, "2": {"region": "금산군", "month": 2, "beta": 0.015343714285714287, "risk_index": 0.23877551020408164, "max_infected": 1}, "3": {"region": "금산군", "month": 3, "beta": 0.01972763265306123, "risk_index": 0.306997084548105, "max_infected": 1}, "4": {"region": "금산군", "month": 4, "beta": 0.021919591836734698, "risk_index": 0.34110787172011664, "max_infected": 1}, "5": {"region": "금산군", "month": 5, "beta": 0.02411155102040817, "risk_index": 0.37521865889212835, "max_infected": 1}, "6": {"region": "금산군", "month": 6, "beta": 0.028495469387755108, "risk_index": 0.44344023323615167, "max_infected": 1}, "7": {"region": "금산군", "month": 7, "beta": 0.030687428571428574, "risk_index": 0.4775510204081633, "max_infected": 1}, "8": {"region": "금산군", "month": 8, "beta": 0.030687428571428574, "risk_index": 0.4775510204081633, "max_infected": 1}, "9": {"region": "금산군", "month": 9, "beta": 0.02411155102040817, "risk_index": 0.37521865889212835, "max_infected": 1}, "10": {"region": "금산군", "month": 10, "beta": 0.01972763265306123, "risk_index": 0.306997084548105, "max_infected": 1}, "11": {"region": "금산군", "month": 11, "beta": 0.01753567346938776, "risk_index": 0.2728862973760933, "max_infected": 1}, "12": {"region": "금산군", "month": 12, "beta": 0.015343714285714287, "risk_index": 0.23877551020408164, "max_infected": 1}}, "논산시": {"1": {"region": "논산시", "month": 1, "beta": 0.04465414285714286, "risk_index": 0.6948979591836734, "max_infected": 1}, "2": {"region": "논산시", "month": 2, "beta": 0.04465414285714286, "risk_index": 0.6948979591836734, "max_infected": 1}, "3": {"region": "논산시", "month": 3, "beta": 0.057412469387755106, "risk_index": 0.8934402332361516, "max_infected": 1}, "4": {"region": "논산시", "month": 4, "beta": 0.06379163265306123, "risk_index": 0.9927113702623906, "max_infected": 1}, "5": {"region": "논산시", "month": 5, "beta": 0.07017079591836736, "risk_index": 1.0919825072886298, "max_infected": 1}, "6": {"region": "논산시", "month": 6, "beta": 0.0829291224489796, "risk_index": 1.2905247813411078, "max_infected": 1}, "7": {"region": "논산시", "month": 7, "beta": 0.08930828571428572, "risk_index": 1.3897959183673467, "max_infected": 2}, "8": {"region": "논산시", "month": 8, "beta": 0.08930828571428572, "risk_index": 1.3897959183673467, "max_infected": 2}, "9": {"region": "논산시", "month": 9, "beta": 0.07017079591836736, "risk_index": 1.0919825072886298, "max_infected": 1}, "10": {"region": "논산시", "month": 10, "beta": 0.057412469387755106, "risk_index": 0.8934402332361516, "max_infected": 1}, "11": {"region": "논산시", "month": 11, "beta": 0.05103330612244899, "risk_index": 0.7941690962099126, "max_infected": 1}, "12": {"region": "논산시", "month": 12, "beta": 0.04465414285714286, "risk_index": 0.6948979591836734, "max_infected": 1}}, "당진시": {"1": {"region": "당진시", "month": 1, "beta": 0.04747371428571429, "risk_index": 0.7387755102040816, "max_infected": 1}, "2": {"region": "당진시", "month": 2, "beta": 0.04747371428571429, "risk_index": 0.7387755102040816, "max_infected": 1}, "3": {"region": "당진시", "month": 3, "beta": 0.06103763265306124, "risk_index": 0.9498542274052479, "max_infected": 1}, "4": {"region": "당진시", "month": 4, "beta": 0.06781959183673471, "risk_index": 1.055393586005831, "max_infected": 1}, "5": {"region": "당진시", "month": 5, "beta": 0.07460155102040819, "risk_index": 1.1609329446064143, "max_infected": 1}, "6": {"region": "당진시", "month": 6, "beta": 0.08816546938775513, "risk_index": 1.3720116618075804, "max_infected": 2}, "7": {"region": "당진시", "month": 7, "beta": 0.09494742857142859, "risk_index": 1.4775510204081632, "max_infected": 2}, "8": {"region": "당진시", "month": 8, "beta": 0.09494742857142859, "risk_index": 1.4775510204081632, "max_infected": 2}, "9": {"region": "당진시", "month": 9, "beta": 0.07460155102040819, "risk_index": 1.1609329446064143, "max_infected": 1}, "10": {"region": "당진시", "month": 10, "beta": 0.06103763265306124, "risk_index": 0.9498542274052479, "max_infected": 1}, "11": {"region": "당진시", "month": 11, "beta": 0.05425567346938777, "risk_index": 0.8443148688046649, "max_infected": 1}, "12": {"region": "당진시", "month": 12, "beta": 0.04747371428571429, "risk_index": 0.7387755102040816, "max_infected": 1}}, "보령시": {"1": {"region": "보령시", "month": 1, "beta": 0.04288371428571429, "risk_index": 0.6673469387755101, "max_infected": 1}, "2": {"region": "보령시", "month": 2, "beta": 0.04288371428571429, "risk_index": 0.6673469387755101, "max_infected": 1}, "3": {"region": "보령시", "month": 3, "beta": 0.05513620408163267, "risk_index": 0.8580174927113703, "max_infected": 1}, "4": {"region": "보령시", "month": 4, "beta": 0.06126244897959185, "risk_index": 0.9533527696793003, "max_infected": 1}, "5": {"region": "보령시", "month": 5, "beta": 0.06738869387755105, "risk_index": 1.0486880466472304, "max_infected": 1}, "6": {"region": "보령시", "month": 6, "beta": 0.07964118367346941, "risk_index": 1.2393586005830903, "max_infected": 1}, "7": {"region": "보령시", "month": 7, "beta": 0.08576742857142858, "risk_index": 1.3346938775510202, "max_infected": 1}, "8": {"region": "보령시", "month": 8, "beta": 0.08576742857142858, "risk_index": 1.3346938775510202, "max_infected": 1}, "9": {"region": "보령시", "month": 9, "beta": 0.06738869387755105, "risk_index": 1.0486880466472304, "max_infected": 1}, "10": {"region": "보령시", "month": 10, "beta": 0.05513620408163267, "risk_index": 0.8580174927113703, "max_infected": 1}, "11": {"region": "보령시", "month": 11, "beta": 0.049009959183673485, "risk_index": 0.7626822157434403, "max_infected": 1}, "12": {"region": "보령시", "month": 12, "beta": 0.04288371428571429, "risk_index": 0.6673469387755101, "max_infected": 1}}, "부여군": {"1": {"region": "부여군", "month": 1, "beta": 0.05907985714285714, "risk_index": 0.9193877551020407, "max_infected": 1}, "2": {"region": "부여군", "month": 2, "beta": 0.05907985714285714, "risk_index": 0.9193877551020407, "max_infected": 1}, "3": {"region": "부여군", "month": 3, "beta": 0.07595981632653062, "risk_index": 1.182069970845481, "max_infected": 1}, "4": {"region": "부여군", "month": 4, "beta": 0.08439979591836735, "risk_index": 1.313411078717201, "max_infected": 1}, "5": {"region": "부여군", "month": 5, "beta": 0.0928397755102041, "risk_index": 1.4447521865889212, "max_infected": 2}, "6": {"region": "부여군", "month": 6, "beta": 0.10971973469387757, "risk_index": 1.7074344023323615, "max_infected": 5}, "7": {"region": "부여군", "month": 7, "beta": 0.11815971428571428, "risk_index": 1.8387755102040815, "max_infected": 7}, "8": {"region": "부여군", "month": 8, "beta": 0.11815971428571428, "risk_index": 1.8387755102040815, "max_infected": 7}, "9": {"region": "부여군", "month": 9, "beta": 0.0928397755102041, "risk_index": 1.4447521865889212, "max_infected": 2}, "10": {"region": "부여군", "month": 10, "beta": 0.07595981632653062, "risk_index": 1.182069970845481, "max_infected": 1}, "11": {"region": "부여군", "month": 11, "beta": 0.06751983673469389, "risk_index": 1.050728862973761, "max_infected": 1}, "12": {"region": "부여군", "month": 12, "beta": 0.05907985714285714, "risk_index": 0.9193877551020407, "max_infected": 1}}, "서산시": {"1": {"region": "서산시", "month": 1, "beta": 0.06426000000000001, "risk_index": 1.0, "max_infected": 1}, "2": {"region": "서산시", "month": 2, "beta": 0.06426000000000001, "risk_index": 1.0, "max_infected": 1}, "3": {"region": "서산시", "month": 3, "beta": 0.08262000000000003, "risk_index": 1.2857142857142858, "max_infected": 1}, "4": {"region": "서산시", "month": 4, "beta": 0.09180000000000002, "risk_index": 1.4285714285714286, "max_infected": 2}, "5": {"region": "서산시", "month": 5, "beta": 0.10098000000000003, "risk_index": 1.5714285714285716, "max_infected": 3}, "6": {"region": "서산시", "month": 6, "beta": 0.11934000000000003, "risk_index": 1.8571428571428572, "max_infected": 7}, "7": {"region": "서산시", "month": 7, "beta": 0.12852000000000002, "risk_index": 2.0, "max_infected": 10}, "8": {"region": "서산시", "month": 8, "beta": 0.12852000000000002, "risk_index": 2.0, "max_infected": 10}, "9": {"region": "서산시", "month": 9, "beta": 0.10098000000000003, "risk_index": 1.5714285714285716, "max_infected": 3}, "10": {"region": "서산시", "month": 10, "beta": 0.08262000000000003, "risk_index": 1.2857142857142858, "max_infected": 1}, "11": {"region": "서산시", "month": 11, "beta": 0.07344000000000002, "risk_index": 1.142857142857143, "max_infected": 1}, "12": {"region": "서산시", "month": 12, "beta": 0.06426000000000001, "risk_index": 1.0, "max_infected": 1}}, "서천군": {"1": {"region": "서천군", "month": 1, "beta": 0.02550728571428572, "risk_index": 0.39693877551020407, "max_infected": 1}, "2": {"region": "서천군", "month": 2, "beta": 0.02550728571428572, "risk_index": 0.39693877551020407, "max_infected": 1}, "3": {"region": "서천군", "month": 3, "beta": 0.03279508163265307, "risk_index": 0.5103498542274053, "max_infected": 1}, "4": {"region": "서천군", "month": 4, "beta": 0.03643897959183674, "risk_index": 0.5670553935860059, "max_infected": 1}, "5": {"region": "서천군", "month": 5, "beta": 0.04008287755102042, "risk_index": 0.6237609329446065, "max_infected": 1}, "6": {"region": "서천군", "month": 6, "beta": 0.04737067346938777, "risk_index": 0.7371720116618077, "max_infected": 1}, "7": {"region": "서천군", "month": 7, "beta": 0.05101457142857144, "risk_index": 0.7938775510204081, "max_infected": 1}, "8": {"region": "서천군", "month": 8, "beta": 0.05101457142857144, "risk_index": 0.7938775510204081, "max_infected": 1}, "9": {"region": "서천군", "month": 9, "beta": 0.04008287755102042, "risk_index": 0.6237609329446065, "max_infected": 1}, "10": {"region": "서천군", "month": 10, "beta": 0.03279508163265307, "risk_index": 0.5103498542274053, "max_infected": 1}, "11": {"region": "서천군", "month": 11, "beta": 0.029151183673469395, "risk_index": 0.45364431486880474, "max_infected": 1}, "12": {"region": "서천군", "month": 12, "beta": 0.02550728571428572, "risk_index": 0.39693877551020407, "max_infected": 1}}, "아산시": {"1": {"region": "아산시", "month": 1, "beta": 0.030490714285714288, "risk_index": 0.4744897959183673, "max_infected": 1}, "2": {"region": "아산시", "month": 2, "beta": 0.030490714285714288, "risk_index": 0.4744897959183673, "max_infected": 1}, "3": {"region": "아산시", "month": 3, "beta": 0.039202346938775515, "risk_index": 0.6100583090379009, "max_infected": 1}, "4": {"region": "아산시", "month": 4, "beta": 0.04355816326530613, "risk_index": 0.6778425655976676, "max_infected": 1}, "5": {"region": "아산시", "month": 5, "beta": 0.04791397959183674, "risk_index": 0.7456268221574345, "max_infected": 1}, "6": {"region": "아산시", "month": 6, "beta": 0.05662561224489797, "risk_index": 0.8811953352769679, "max_infected": 1}, "7": {"region": "아산시", "month": 7, "beta": 0.060981428571428575, "risk_index": 0.9489795918367346, "max_infected": 1}, "8": {"region": "아산시", "month": 8, "beta": 0.060981428571428575, "risk_index": 0.9489795918367346, "max_infected": 1}, "9": {"region": "아산시", "month": 9, "beta": 0.04791397959183674, "risk_index": 0.7456268221574345, "max_infected": 1}, "10": {"region": "아산시", "month": 10, "beta": 0.039202346938775515, "risk_index": 0.6100583090379009, "max_infected": 1}, "11": {"region": "아산시", "month": 11, "beta": 0.0348465306122449, "risk_index": 0.5422740524781341, "max_infected": 1}, "12": {"region": "아산시", "month": 12, "beta": 0.030490714285714288, "risk_index": 0.4744897959183673, "max_infected": 1}}, "예산군": {"1": {"region": "예산군", "month": 1, "beta": 0.0763907142857143, "risk_index": 1.1887755102040816, "max_infected": 1}, "2": {"region": "예산군", "month": 2, "beta": 0.0763907142857143, "risk_index": 1.1887755102040816, "max_infected": 1}, "3": {"region": "예산군", "month": 3, "beta": 0.09821663265306126, "risk_index": 1.5284256559766765, "max_infected": 3}, "4": {"region": "예산군", "month": 4, "beta": 0.10912959183673472, "risk_index": 1.6982507288629738, "max_infected": 5}, "5": {"region": "예산군", "month": 5, "beta": 0.1200425510204082, "risk_index": 1.8680758017492713, "max_infected": 7}, "6": {"region": "예산군", "month": 6, "beta": 0.14186846938775513, "risk_index": 2.207725947521866, "max_infected": 16}, "7": {"region": "예산군", "month": 7, "beta": 0.1527814285714286, "risk_index": 2.377551020408163, "max_infected": 23}, "8": {"region": "예산군", "month": 8, "beta": 0.1527814285714286, "risk_index": 2.377551020408163, "max_infected": 23}, "9": {"region": "예산군", "month": 9, "beta": 0.1200425510204082, "risk_index": 1.8680758017492713, "max_infected": 7}, "10": {"region": "예산군", "month": 10, "beta": 0.09821663265306126, "risk_index": 1.5284256559766765, "max_infected": 3}, "11": {"region": "예산군", "month": 11, "beta": 0.08730367346938778, "risk_index": 1.3586005830903791, "max_infected": 2}, "12": {"region": "예산군", "month": 12, "beta": 0.0763907142857143, "risk_index": 1.1887755102040816, "max_infected": 1}}, "천안시": {"1": {"region": "천안시", "month": 1, "beta": 0.03429385714285715, "risk_index": 0.5336734693877551, "max_infected": 1}, "2": {"region": "천안시", "month": 2, "beta": 0.03429385714285715, "risk_index": 0.5336734693877551, "max_infected": 1}, "3": {"region": "천안시", "month": 3, "beta": 0.04409210204081634, "risk_index": 0.6861516034985423, "max_infected": 1}, "4": {"region": "천안시", "month": 4, "beta": 0.048991224489795926, "risk_index": 0.7623906705539358, "max_infected": 1}, "5": {"region": "천안시", "month": 5, "beta": 0.05389034693877552, "risk_index": 0.8386297376093295, "max_infected": 1}, "6": {"region": "천안시", "month": 6, "beta": 0.06368859183673471, "risk_index": 0.9911078717201166, "max_infected": 1}, "7": {"region": "천안시", "month": 7, "beta": 0.0685877142857143, "risk_index": 1.0673469387755101, "max_infected": 1}, "8": {"region": "천안시", "month": 8, "beta": 0.0685877142857143, "risk_index": 1.0673469387755101, "max_infected": 1}, "9": {"region": "천안시", "month": 9, "beta": 0.05389034693877552, "risk_index": 0.8386297376093295, "max_infected": 1}, "10": {"region": "천안시", "month": 10, "beta": 0.04409210204081634, "risk_index": 0.6861516034985423, "max_infected": 1}, "11": {"region": "천안시", "month": 11, "beta": 0.03919297959183674, "risk_index": 0.6099125364431487, "max_infected": 1}, "12": {"region": "천안시", "month": 12, "beta": 0.03429385714285715, "risk_index": 0.5336734693877551, "max_infected": 1}}, "태안군": {"1": {"region": "태안군", "month": 1, "beta": 0.023212285714285717, "risk_index": 0.3612244897959183, "max_infected": 1}, "2": {"region": "태안군", "month": 2, "beta": 0.023212285714285717, "risk_index": 0.3612244897959183, "max_infected": 1}, "3": {"region": "태안군", "month": 3, "beta": 0.029844367346938783, "risk_index": 0.4644314868804665, "max_infected": 1}, "4": {"region": "태안군", "month": 4, "beta": 0.03316040816326531, "risk_index": 0.5160349854227405, "max_infected": 1}, "5": {"region": "태안군", "month": 5, "beta": 0.03647644897959185, "risk_index": 0.5676384839650146, "max_infected": 1}, "6": {"region": "태안군", "month": 6, "beta": 0.04310853061224491, "risk_index": 0.6708454810495627, "max_infected": 1}, "7": {"region": "태안군", "month": 7, "beta": 0.04642457142857143, "risk_index": 0.7224489795918366, "max_infected": 1}, "8": {"region": "태안군", "month": 8, "beta": 0.04642457142857143, "risk_index": 0.7224489795918366, "max_infected": 1}, "9": {"region": "태안군", "month": 9, "beta": 0.03647644897959185, "risk_index": 0.5676384839650146, "max_infected": 1}, "10": {"region": "태안군", "month": 10, "beta": 0.029844367346938783, "risk_index": 0.4644314868804665, "max_infected": 1}, "11": {"region": "태안군", "month": 11, "beta": 0.026528326530612253, "risk_index": 0.41282798833819245, "max_infected": 1}, "12": {"region": "태안군", "month": 12, "beta": 0.023212285714285717, "risk_index": 0.3612244897959183, "max_infected": 1}}, "홍성군": {"1": {"region": "홍성군", "month": 1, "beta": 0.09232457142857144, "risk_index": 1.436734693877551, "max_infected": 2}, "2": {"region": "홍성군", "month": 2, "beta": 0.09232457142857144, "risk_index": 1.436734693877551, "max_infected": 2}, "3": {"region": "홍성군", "month": 3, "beta": 0.11870302040816329, "risk_index": 1.8472303206997085, "max_infected": 7}, "4": {"region": "홍성군", "month": 4, "beta": 0.1318922448979592, "risk_index": 2.052478134110787, "max_infected": 11}, "5": {"region": "홍성군", "month": 5, "beta": 0.14508146938775512, "risk_index": 2.257725947521866, "max_infected": 18}, "6": {"region": "홍성군", "month": 6, "beta": 0.17145991836734698, "risk_index": 2.6682215743440234, "max_infected": 42}, "7": {"region": "홍성군", "month": 7, "beta": 0.18464914285714287, "risk_index": 2.873469387755102, "max_infected": 62}, "8": {"region": "홍성군", "month": 8, "beta": 0.18464914285714287, "risk_index": 2.873469387755102, "max_infected": 62}, "9": {"region": "홍성군", "month": 9, "beta": 0.14508146938775512, "risk_index": 2.257725947521866, "max_infected": 18}, "10": {"region": "홍성군", "month": 10, "beta": 0.11870302040816329, "risk_index": 1.8472303206997085, "max_infected": 7}, "11": {"region": "홍성군", "month": 11, "beta": 0.10551379591836736, "risk_index": 1.6419825072886298, "max_infected": 4}, "12": {"region": "홍성군", "month": 12, "beta": 0.09232457142857144, "risk_index": 1.436734693877551, "max_infected": 2}}, "청양군": {"1": {"region": "청양군", "month": 1, "beta": 0.051080142857142866, "risk_index": 0.7948979591836733, "max_infected": 1}, "2": {"region": "청양군", "month": 2, "beta": 0.051080142857142866, "risk_index": 0.7948979591836733, "max_infected": 1}, "3": {"region": "청양군", "month": 3, "beta": 0.06567446938775512, "risk_index": 1.02201166180758, "max_infected": 1}, "4": {"region": "청양군", "month": 4, "beta": 0.07297163265306124, "risk_index": 1.1355685131195334, "max_infected": 1}, "5": {"region": "청양군", "month": 5, "beta": 0.08026879591836737, "risk_index": 1.2491253644314868, "max_infected": 1}, "6": {"region": "청양군", "month": 6, "beta": 0.09486312244897961, "risk_index": 1.4762390670553935, "max_infected": 2}, "7": {"region": "청양군", "month": 7, "beta": 0.10216028571428573, "risk_index": 1.5897959183673467, "max_infected": 3}, "8": {"region": "청양군", "month": 8, "beta": 0.10216028571428573, "risk_index": 1.5897959183673467, "max_infected": 3}, "9": {"region": "청양군", "month": 9, "beta": 0.08026879591836737, "risk_index": 1.2491253644314868, "max_infected": 1}, "10": {"region": "청양군", "month": 10, "beta": 0.06567446938775512, "risk_index": 1.02201166180758, "max_infected": 1}, "11": {"region": "청양군", "month": 11, "beta": 0.05837730612244899, "risk_index": 0.9084548104956268, "max_infected": 1}, "12": {"region": "청양군", "month": 12, "beta": 0.051080142857142866, "risk_index": 0.7948979591836733, "max_infected": 1}}}